publishedAt,title,viewCount,likeCount,commentCount,duration 
2022-01-18T12:39:51Z,5 Min Warm Up Routine - DO THIS before your workout!,520997,14223,374,PT6M15S
2022-01-17T12:00:07Z,20 Min Full Body Burn Workout - It's FUN & Intense!,174238,9026,640,PT21M24S
2022-01-11T12:00:02Z,Best Booty & Legs Workout - With or Without Equipment,379251,16968,489,PT16M14S
2022-01-10T12:00:35Z,Core & Arms Workout - 10 Min Beginner Friendly,304241,12929,534,PT11M41S
2022-01-04T12:02:50Z,Full Body No Jumping Workout - 20 Min - You can do it!,922989,36907,1191,PT21M11S
2022-01-03T12:00:10Z,Get a Flat Stomach & Abs - 10 min | Weight Loss Challenge,1409532,58142,1583,PT11M8S
2022-01-02T12:04:33Z,12 Min Weight Loss HIIT Workout - Weight Loss Challenge 2022,1259351,52112,2103,PT13M35S
2021-12-08T12:00:18Z,I moved to a new country.. Apartment tour,778209,32087,2118,PT9M45S
2021-11-16T12:30:10Z,Goodbye Home..,890086,30947,1731,PT8M25S
2021-11-02T12:00:01Z,15 Min Full Body HIIT Workout - Low Impact Alternatives - DO IT!,1392139,43169,1373,PT15M36S
2021-10-26T12:00:02Z,What I eat to be yummy.. like a SUSHI BURGER (Healthy),401038,15412,782,PT12M46S
2021-10-11T12:00:01Z,10 Min Arms & Upper Body Workout - Home Workout with Dumbbells,949391,21540,855,PT12M36S
2021-10-06T12:00:07Z,Booty Workout You Have to Try | 15 mins Booty & Legs Workout,1163938,42872,1003,PT15M48S
2021-09-21T12:15:01Z,I guess he's a better fitness guru than me - tiktok,390179,18903,1171,PT10M38S
2021-09-14T12:00:10Z,Do This Morning Workout Everyday.. If you want to,1809597,82027,3038,PT15M40S
2021-09-01T12:00:04Z,Realistic what i eat to stay fit - 3 min healthy meal,906724,42605,2463,PT12M42S
2021-08-25T12:00:32Z,I've had enough.,4180151,278995,29451,PT16M56S
2021-08-09T12:00:34Z,25 Min Full Body Workout | You CAN do it and it's fun! | 2 Weeks Shred,3883653,104065,3194,PT25M58S
2021-08-04T12:00:22Z,10 Min Upper Body & Core Workout | 2 Weeks Shred Challenge 2021,2581361,60195,1971,PT11M2S
2021-08-03T12:00:10Z,Lower Body Workout - Legs & Booty | 2 Weeks Shred Challenge,2959672,66199,1411,PT16M2S
2021-08-02T12:00:24Z,Get ABS in 2 Weeks | 2021 2 Week Shred Challenge!,8296053,194573,4676,PT11M11S
2021-07-28T12:00:02Z,DO THIS Workout To Lose Weight | 2 Weeks Shred Challenge 2021,7508619,173867,6015,PT16M11S
2021-07-20T12:00:32Z,MINDBLOWING Before After Results - Video Call with VIEWERS,1632118,42288,1638,PT16M50S
2021-07-13T12:00:11Z,What they REALLY think about my food.. uhoh,386775,14514,1068,PT13M29S
2021-06-30T12:00:16Z,20 Min Full Body Workout to Get Fit | with or without Weights,1758386,40186,1505,PT21M16S
2021-06-23T12:00:19Z,15 Min Toned Arms & Upper Body Workout - Beginner Friendly with Dumbbells,1778235,40794,1517,PT16M8S
2021-06-22T12:00:19Z,15 Mins Legs & Booty Workout | Get Fit Challenge,2055675,44919,1285,PT16M10S
2021-06-21T12:00:11Z,10 Min Abs Workout for defined ABS | 6 pack ABS,4277109,93659,2373,PT11M12S
2021-06-16T12:00:19Z,15 Min Full Body Workout to GET FIT | 2021 Get Fit Challenge,2706956,66024,2398,PT16M2S
2021-05-25T12:00:04Z,You guys are Amazing! 20 million #chloetingchallenge journeys,1242608,40876,2985,PT4M31S
2021-05-19T12:00:10Z,Getting Fit & SNATCHED | What I eat - Easy & Healthy Recipes,1210978,36689,2358,PT13M45S
2021-05-12T12:00:33Z,20 min Full Body HIIT Workout to get Shredded | No Equipment,3581250,104083,3395,PT21M
2021-05-10T12:00:09Z,10 Min ARMS & ABS Workout | Toned Arms - No Equipment,3502956,101258,2840,PT10M59S
2021-05-05T12:00:18Z,10 Min Booty Workout | Perky Butt - No Equipment,4624262,126308,3421,PT11M10S
2021-05-03T12:00:25Z,10 Min ABS workout | Get Shredded Abs - Summer Shred 2021,7329542,205588,5750,PT11M3S
2021-04-28T12:00:33Z,Healthy Snacks to be a SNACC - Best Protein Snacks EVER,1047425,66546,2551,PT14M51S
2021-04-26T12:00:17Z,10 Min HIIT Cardio to Burn Fat | Summer Shred Challenge 2021,5660323,180574,5022,PT11M24S
2021-04-21T12:00:31Z,Unwelcoming House tour.. don't judge my fitness wardrobe,3089794,141410,5489,PT11M9S
2021-04-19T12:30:04Z,Gym Bros Attacking My Workouts... why..,2956216,213360,11003,PT18M56S
2021-04-07T12:00:21Z,20 Min HIIT workout to burn lots of calories | 3 week Weight Loss Challenge,5280839,111116,4394,PT20M52S
2021-04-05T12:00:22Z,10 min Core & Upper Body Burn Workout | 3 week Weight Loss Challenge,3571753,92714,2980,PT10M56S
2021-03-31T12:00:05Z,15 min HIIT workout to BURN Calories | 3 week weight loss challenge,5398234,122539,4617,PT16M10S
2021-03-29T12:00:09Z,10 Min Abs Workout to get defined ABS | 3 week weight loss challenge,15725211,296616,8896,PT11M12S
2021-03-24T12:00:21Z,10 Min Cardio workout to burn Fat | Fun 3 Week Weight Loss Challenge,12835002,235958,9135,PT11M8S
2021-02-22T12:00:17Z,Grow A Booty Workout | Grow Butt Not Legs - Hourglass Program,5876696,142805,2937,PT16M16S
2021-02-17T12:00:02Z,10 Min Sexy Arms & Back Workout | Underarm| Side| Upper| Lower Back,6421665,127793,3823,PT11M12S
2021-02-16T12:00:06Z,Hourglass Side Booty Workout | Hip Dips Workout - Hourglass Program,7037324,145263,2946,PT11M10S
2021-02-15T12:00:03Z,Abs Workout to Get 11 Line Abs | 10 Min Hourglass Abs Workout At Home,11330674,191064,5236,PT10M58S
2021-02-11T12:13:26Z,Small Waist & Round Butt Workout | Hourglass Program at Home,10248988,211212,4883,PT16M7S
2021-02-08T12:00:17Z,Realistic Before After Results & Fitness Journeys | #ChloeTingChallenge,2727551,77141,2479,PT21M44S
2021-01-26T12:00:14Z,2 New Programs & Upcoming World Tour | #chloetingchallenge,482344,18278,1422,PT10M3S
2021-01-21T12:00:05Z,What I Eat to Lose Weight üëÄ Waffles + NEW Recipe site!,2153345,45737,1967,PT17M34S
2021-01-18T12:00:12Z,Best Cooldown Stretches After Workout | Relaxation & Recovery,8833451,110986,3778,PT15M35S
2021-01-13T12:00:05Z,8 Mins Lower Abs Workout | Lower Belly Burn - Flat Stomach Challenge,8783835,180809,4442,PT9M22S
2021-01-11T12:00:11Z,10 Min HIIT to burn calories | Standing Full Body Workout - No Equipment,8808853,175619,4720,PT11M3S
2021-01-07T12:00:06Z,10 Min Butt Workout | Quick BOOTY Burn - No Equipment,10513759,194683,5095,PT11M27S
2021-01-06T12:01:05Z,Quick Warm Up Routine before your Workout,21207309,186306,3741,PT8M31S
2021-01-05T12:00:10Z,10 min Toned Arms & Upper Body Workout | No Equipment,7715664,145430,4196,PT11M1S
2021-01-04T12:00:13Z,Get Abs & Flat Stomach Workout | Flat Stomach Challenge 2021,12540173,221674,7556,PT11M8S
2021-01-02T12:00:09Z,NEW Full Body HIIT Workout to lose Weight | 2021 Flat Stomach Challenge,11281010,198378,7412,PT16M21S
2020-12-15T12:00:22Z,Insane Before After Transformation | FINAL #ChloeTingChallenge Results of 2020,3141788,99128,3607,PT19M57S
2020-12-02T12:00:09Z,15 Min Full Body Workout üí™ Home Routine with Dumbbells,1968538,43222,1429,PT15M48S
2020-11-23T12:00:09Z,What I Eat In A Day | Healthy Recipes üòã Its Yummy| I Promise,1294300,41027,1937,PT15M27S
2020-11-16T12:00:02Z,15 min Intense HIIT for Fat Burn | Standing & No Equipment,9028780,185119,4470,PT15M45S
2020-11-09T12:15:45Z,How to get visible 8-packs | Chaotic Meme Review üëÄ,582792,27088,1221,PT8M8S
2020-11-02T12:00:27Z,10 Min HIIT to burn lots of calories | No Equipment Fat Burning Workout,6938915,152319,3950,PT10M47S
2020-10-27T12:00:07Z,Accurate Comments about Me & My Butt,1115781,33259,1708,PT8M37S
2020-10-19T12:00:21Z,What I Eat to Stay Fit | Yummy Pancakes & Healthy Recipes,1305861,42763,2060,PT18M35S
2020-10-14T12:45:45Z,NEW 2 Weeks Shred Before After Results | Realistic results #chloetingchallenge,4642550,109909,3100,PT21M58S
2020-10-09T12:00:06Z,Hourglass Workout | Round Booty | Chloe x The Glute Guy,3808650,76917,2091,PT24M11S
2020-10-08T12:00:09Z,Complete UPPER BODY Workout | Arms Back Chest | Beginner Friendly,3436118,63767,1773,PT16M21S
2020-10-07T12:00:05Z,Side Booty Workout | Round Booty & Hips | Chloe X Bret Contreras,2675664,51395,1853,PT30M8S
2020-10-05T12:00:01Z,BEST Booty Workout üçë Get Peachy Challenge | Chloe X THE GLUTE GUY,6547201,146357,4022,PT22M
2020-09-30T12:48:16Z,Best Abs Exercise Ever | #chloetingchallenge Meme Review,1681048,70236,2379,PT10M2S
2020-09-28T12:30:00Z,29 Inspiring Before After Transformations Results | WOW #chloetingchallenge,1800424,60508,2342,PT14M31S
2020-09-07T12:30:01Z,Full Body Workout | No Equipment At Home & Effective,8214044,151991,6519,PT26M10S
2020-09-02T12:30:03Z,15 Mins Booty and Leg Workout | 2 Weeks Shred Challenge,12169940,216264,6218,PT16M7S
2020-09-01T12:30:01Z,10 Mins Core & Arms Workout | 2 Weeks Shred Challenge,9239981,150399,6275,PT11M33S
2020-08-31T12:30:05Z,Abs in 2 Weeks | Abs Workout Challenge 2020,43510359,707786,23940,PT11M29S
2020-08-27T12:30:00Z,Do This Workout To Lose Weight | 2020 2 Weeks Shred Challenge,30499060,465158,22856,PT16M12S
2020-08-24T12:34:49Z,Realistic Before/After Results | Get Inspired #ChloeTingChallenge,5251563,145148,4324,PT21M31S
2020-08-20T23:11:58Z,Abs & Booty Workout Livestream,1458772,32218,1175,PT1H35M16S
2020-08-18T12:48:03Z,Your comments are... üò±,720164,42508,4177,PT8M4S
2020-08-11T12:04:40Z,Time to Talk..,4296755,238379,22763,PT17M18S
2020-08-03T12:35:13Z,Leg| Butt & Thigh Workout | 15 Min At Home with or without dumbbells,4753178,98678,2797,PT15M49S
2020-07-30T12:47:33Z,Toned Arms Workout | 15 min Upper Body Burn,11572049,171411,5083,PT15M35S
2020-07-27T12:33:43Z,6 Pack Abs Workout | 3 Weeks Challenge,16601617,273643,8455,PT11M7S
2020-07-26T12:46:19Z,Do This and Get Fit | 20 Min Full Body Workout | New Challenge,7790320,147701,6698,PT21M15S
2020-07-20T12:40:20Z,40 Before After Results in 15 mins | Let's Go! #ChloeTingChallenge,7797766,210475,6931,PT15M59S
2020-07-15T12:51:02Z,What I Eat when I feel Blue :( Quick & Healthy Recipes + Diamond Play BUTTON,1285336,42696,2874,PT18M26S
2020-07-13T12:32:30Z,Most Inspiring Before After Results | Quadruple Amputee tries #ChloeTingChallenge,1711779,63777,3189,PT16M47S
2020-07-06T13:05:10Z,Abs in 10 Mins - Your #chloetingchallenge Meme Review,1378104,55234,2767,PT10M22S
2020-07-02T12:35:14Z,Total ABS & Full Body Workout 20 Min | No Jumping Included,7421244,181251,5607,PT21M23S
2020-06-30T12:38:57Z,Leg & Booty Workout | 15 Day Challenge,9804880,198529,5718,PT13M44S
2020-06-29T12:33:08Z,TIGHT CORE WORKOUT | 15 Days Plank Workout Challenge,11337461,187338,13816,PT11M3S
2020-06-24T12:36:51Z,Full Body Workout - QUICK & EFFECTIVE (No Equipment) | 15 Day Challenge,10996138,269673,9622,PT15M26S
2020-06-18T12:32:15Z,Healthy Snacks TO BE A SNACC üçì Must Try High Protein & YUMMY Recipes,3094741,113941,4311,PT17M49S
2020-06-16T12:35:02Z,Before After Results of Beautiful Women | Different body types #ChloeTingChallenge,5605187,162230,5788,PT18M57S
2020-06-11T20:46:17Z,10 Million Subs LIVESTREAM | Let's hangout + Workout,1165752,34018,1443,PT2H10M49S
2020-06-08T13:38:50Z,What I Eat to Stay Lean | New Healthy Recipes in New House üè†,1757781,58487,3730,PT16M
2020-06-03T13:06:57Z,Reacting to IMPRESSIVE #chloetingchallenge results | Get Inspired BEFORE AFTER Journeys,6525498,198130,6718,PT19M46S
2020-05-27T12:32:33Z,Do this Cooldown after a workout | Relaxation Recovery Stretches,15815763,223995,6361,PT15M34S
2020-05-25T12:52:22Z,Intense Fat Burning Full Body Workout | No Jumping Variations Included,8382376,164024,6855,PT21M15S
2020-05-20T12:32:18Z,Intense Lower Abs Workout üî• Burn Lower Belly Fat  ü§î,23250150,410033,9602,PT11M3S
2020-05-18T12:38:20Z,15 Min Full Body HIIT | No Noise No Jumping Apartment Friendly,10555531,197747,5487,PT16M8S
2020-05-17T13:02:20Z,They got 6 pack ABS from #ChloeTingChallenge üò≤ More Tiktok Funnies & Results,2698641,101129,3364,PT11M18S
2020-05-13T12:38:52Z,10 Min Upper Body & Arms Workout | Beginner Friendly No Equipment,10244491,167565,4357,PT10M50S
2020-05-11T12:34:06Z,SHREDDED ABS Workout | 500 Reps Ab Challenge,21337111,300430,12877,PT11M18S
2020-05-08T12:32:53Z,Do This Warm Up Before Your Workouts | Quick Warm Up Routine,54810398,523528,7654,PT6M27S
2020-05-06T12:32:59Z,Get Shredded üî• 12 Min Full Body HIIT Workout | Summer Shred Challenge,19980403,320788,14863,PT13M17S
2020-04-28T12:35:52Z,Get SNATCHED during Quarantine | Before After Chloe Ting Challenge Results üî•,6177565,219484,8251,PT16M10S
2020-04-22T13:32:34Z,Found the BEST #chloetingchallenge TikToks üòÇ I pissed my pants,5799313,229738,6721,PT10M13S
2020-04-19T12:18:37Z,What i eat to get FIT | Prepping for New Workout Program | Healthy Recipes,2650442,69634,2992,PT11M56S
2020-04-13T12:19:09Z,Butt Workout - Grow Booty NOT Thighs  | At Home Hourglass Challenge,19780273,399604,8927,PT16M43S
2020-04-09T12:21:19Z,Love Handle Workout | 10 min Abs & Obliques Burn Home Workout üÜé,24535991,411094,11140,PT11M13S
2020-04-07T12:22:39Z,Hips Dips Workout | 10 Min Side Booty Exercises üçë At Home Hourglass Challenge,35692380,723448,17870,PT11M19S
2020-04-06T12:19:57Z,Tiny Waist & Round Butt Workout | At Home Hourglass Challenge üçë,41533130,790827,24727,PT16M28S
2020-03-30T22:21:05Z,Full Body Fat Blast Workout | Home workout with me LIVE!,1416957,33223,986,PT22M5S
2020-03-29T12:03:30Z,AMAZING Before After Results from Chloe Ting Challenges | Get MOTIVATED,11641284,263756,7662,PT18M21S
2020-03-08T11:47:58Z,What I eat to STOP SUGAR CRAVINGS | My Top Tips to get back in shape,1722930,40964,1290,PT16M36S
2020-02-25T11:48:49Z,10 min Inner Thigh Workout | Burn Inner Thigh Fat (No Jumping),9745862,193663,4661,PT11M7S
2020-02-24T11:30:01Z,Full Body No Jumping Workout To Burn Fat | Burn Thigh Fat Low Impact Cardio,16379841,311144,5456,PT16M2S
2020-02-18T12:30:02Z,10 Min Standing Abs Workout to get Ripped ABS,29330394,461109,9767,PT10M38S
2020-02-17T11:30:00Z,Slim Thighs & Legs Workout that WORKS | Burn Inner & Outer Thighs Fat (No Jumping),25340258,479728,16007,PT16M22S
2020-02-09T11:12:13Z,SHOCKING Chloe Ting Workout RESULTS | 10+ ABS & BOOTY TRANSFORMATIONS,6215183,146186,4044,PT21M20S
2020-02-02T11:50:44Z,1|000 Reps to burn fat & get ABS | Try this challenge everyday,5761274,145624,5125,PT21M32S
2020-01-26T12:17:32Z,CLEANING OUT MY CLOSET #WITHME | EXTREME Wardrobe Declutter,1701282,43635,2115,PT21M30S
2020-01-20T11:23:58Z,Realistic What i Eat To Lose Weight | Easy Healthy Meals,4284590,104699,2544,PT20M58S
2020-01-09T11:45:01Z,10 min Back & Arms Workout,12904034,281616,5265,PT11M14S
2020-01-07T11:48:03Z,BEST 10 min Lower Abs Workout Routine | Lose Lower Belly Fat,21989696,425685,8388,PT11M2S
2020-01-06T11:45:01Z,10 Min Morning Routine to Burn Belly Fat | No Jumping,17347616,363934,7985,PT10M52S
2020-01-05T11:04:54Z,Easy Meal Prep Ideas to Lose Weight & Get a Flat Belly,1512503,43882,892,PT7M52S
2020-01-03T12:25:28Z,10 min Full Body Cool Down Stretches for Recovery & Flexibility,19014803,257761,3506,PT10M44S
2020-01-02T11:33:26Z,10 min Abs Workout for a Flat Stomach | Get ABS this 2020,29023518,405344,12584,PT11M15S
2020-01-01T12:06:27Z,Best Full Body Workout to Lose Fat üí™üèΩ20 mins | 28 Day Challenge,25107653,513953,16468,PT21M27S
2019-12-22T11:10:12Z,I Walked 15|000 Steps everyday for 30 days | Skinnier thighs? Weight Loss?,6909243,91068,3357,PT10M9S
2019-12-15T11:15:00Z,3 Months Burn Update | Healing a Burn Scar,1797969,27871,950,PT11M1S
2019-11-19T11:33:04Z,2000 REP Full Body & Abs Workout CHALLENGE for 2 Million Subscribers üî•Burn Fat| NO JUMPING,3058361,78315,3901,PT49M48S
2019-11-13T11:15:00Z,7 Healthy Meals Under 30 Mins ü•óBudget Meal Prep Challenge!,1808461,53602,956,PT14M3S
2019-11-04T11:37:07Z,15 Mins Sexy Leg & Booty Workout üçë With or Without Equipment,6228727,130234,2423,PT15M52S
2019-10-28T11:05:58Z,Flat Belly and Round Booty Workout | 15 mins No Equipment,3747457,73772,1076,PT15M59S
2019-10-23T11:17:58Z,10 Mins Side Booty Wider Hips Workout | Get Rid of Hip Dips,14972675,316680,4922,PT11M32S
2019-10-21T12:03:17Z,35 days Booty Challenge üçë With or Without Resistance Bands,12578290,242294,5261,PT21M15S
2019-10-15T11:48:20Z,New Booty Program | Tips to grow glutes + MERCH üëÄ,501340,8732,521,PT10M18S
2019-10-14T11:09:30Z,Trying Chloe Ting's Abs Workout after a long break  üòÇüòµ,2635559,81113,2289,PT8M46S
2019-10-09T11:17:06Z,Guess Calories With Me | Which Has More Calories? ü§∑,626094,18464,588,PT12M17S
2019-10-02T11:17:08Z,10 Mins Toned Arms Workout | No Equipment,37891970,572091,13813,PT10M58S
2019-09-30T11:26:10Z,15 Mins Full Body FAT BURN Workout | No Jumping | Beginner Friendly,5299834,114458,1899,PT15M44S
2019-09-29T11:20:14Z,Everything I Eat In A Day | Healthy Recipes to Heal My Skin,1284298,25991,644,PT13M22S
2019-09-25T11:45:00Z,Sexy Back & Abs Workout | 10 Mins (No Equipment),6175478,119992,2110,PT10M54S
2019-09-23T11:39:04Z,Lean Arms Workout Challenge |  Lose Arm Fat (No Equipment),12092135,214434,5600,PT14M4S
2019-09-17T11:38:48Z,How I Burnt My Leg | Scarred for life?,3555178,94748,4070,PT13M46S
2019-09-11T11:45:00Z,2 Weeks Abs Challenge Before/After Results | Did it work for others?,2379714,55779,1426,PT10M6S
2019-09-08T11:15:15Z,Getting Back On Track | What I Eat In a Day,195442,5874,312,PT15M44S
2019-08-15T11:45:00Z,Tight Core & Arms Workout | 2 Weeks Shred Challenge,24548056,409552,19374,PT12M56S
2019-08-14T11:45:02Z,Lower Body Workout | Toned Legs & Butt | 2 Weeks Challenge,36795594,595458,17556,PT13M12S
2019-08-12T11:45:00Z,Get Abs in 2 WEEKS | Abs Workout Challenge,424102202,7480467,280386,PT11M4S
2019-08-08T11:45:00Z,Do This Everyday To Lose Weight | 2 Weeks Shred Challenge,183475212,3642158,142799,PT14M23S
2019-08-04T11:15:00Z,Ariana Grande - boyfriend ABS WORKOUT (Social House),5789661,116465,4136,PT3M11S
2019-07-31T11:45:02Z,Before/After Results | LOST 55 POUNDS + more results,3452888,94649,3407,PT11M57S
2019-07-24T11:45:01Z,10 Mins HIIT Workout to get LEAN | Working Out with A Viewer üë≠,1487487,35480,791,PT11M8S
2019-07-23T10:42:57Z,What I Eat to stay FIT in LA | Healthy Recipes | First Time in America,602592,12850,355,PT16M17S
2019-07-15T11:45:01Z,I tried Face Exercises for 30 days to get a slim face | Before/After | Worth It?,5396998,160261,3839,PT7M34S
2019-07-08T11:45:00Z,Get that Toned Legs & Round Booty Workout | Hourglass Program,16837534,300760,3054,PT16M5S
2019-07-03T11:40:47Z,Booty Pump Workout üëçüèº10 mins Booty Burn | Hourglass Program,26497827,558482,7799,PT11M41S
2019-07-02T11:40:02Z,Hourglass Abs Workout  üôã‚Äç‚ôÄÔ∏èLose Muffin Top & Love Handles | 10 Mins,18927133,331903,7282,PT11M
2019-07-01T11:12:29Z,Small Waist (ABS) & Round Butt Workout üçë26 Days Hourglass Program ‚è≥,17533751,365133,7718,PT16M12S
2019-06-23T11:11:25Z,TRY NOT TO LAUGH CHALLENGE üòÇYOU LAUGH YOU LOSE,525179,19110,554,PT7M30S
2019-06-17T11:57:21Z,My Workout RESULTS + lots of YOUR BEFORE/AFTER transformation ‚ú®,3397790,90171,1785,PT11M48S
2019-06-05T11:14:05Z,ULTIMATE Full Body FAT BURN Workout üî•12 min Home Workout,2543482,62712,1613,PT12M44S
2019-06-02T11:09:52Z,5 Min Warm Up Routine | Effective Warm Up Before ANY Workout üí™,4273449,68111,708,PT5M54S
2019-05-29T11:10:20Z,5 Leggings that make your BOOTY look BIGGER & ROUNDER üçë | Try On,499380,9780,522,PT7M16S
2019-05-23T11:06:21Z,What I Eat In A Day + Current Physique | Easy & Healthy Recipes,273692,7612,452,PT13M48S
2019-05-13T11:35:09Z,Get That Booty & Toned Legs üçë Effective Glute Workout at Home,3773002,77694,1987,PT16M23S
2019-05-09T11:11:05Z,Burn Arms & Back Fat Workout üí™ Sexy Arms in 10 Mins | Upper Body,4018075,92101,1629,PT11M23S
2019-05-07T11:11:44Z,Quick & Effective HIIT Workout for Flat Tummy  ‚úÖ 15 min Calorie Burning,6235952,115703,2539,PT16M13S
2019-04-30T11:08:03Z,Abs Workout üî•Get that 11 Line Abs in 35 days,67919243,1418607,42966,PT11M8S
2019-04-29T11:07:32Z,Intense 25 min Full Body FAT BURNING Workout üôã‚Äç‚ôÄÔ∏è| No Jumping Beginner Friendly,15537766,327631,11312,PT26M40S
2019-04-16T10:44:37Z,BLACKPINK ABS & Butt Workout | Kill This Love ALBUM Kpop Workout,3012169,142544,2798,PT13M16S
2019-04-14T11:19:23Z,BTS Boy With Luv | Map of the Soul ALBUM FULL BODY WORKOUT,435641,30027,1532,PT17M2S
2019-03-28T11:06:02Z,10 Mins Thigh Workout to Get LEAN LEGS IN 30 DAYS | NOT BULKY THIGHS,8127741,225208,4662,PT11M29S
2019-03-25T11:18:34Z,Stretches To Get Thinner Legs & Slim Thighs | 10 Mins Routine,1637864,42502,781,PT11M12S
2019-03-21T11:13:34Z,Burn Belly Fat & Thigh Fat Workout | Fat Burning Workout (15 Mins),6812380,156362,3614,PT16M16S
2019-03-19T11:14:48Z,Thigh Workout for Losing Fat | Slim Inner Thigh Workout (No Jumping),3717616,76533,1599,PT11M13S
2019-03-18T11:05:59Z,Slim Legs Workout | Thigh Fat Burning Workout (No Jumping) | Free Program,5866616,143332,3536,PT16M34S
2019-03-12T11:07:51Z,I Stopped Working Out for 60 days | What happens to my Body? Strength?,3040036,48256,1399,PT17M35S
2019-03-07T11:31:19Z,Why You're Bloated | My Bloating Experience | Health Update Part 4,547733,11618,1076,PT12M46S
2019-03-05T11:48:08Z,How to GET ABS & Engage Your Core | FIX These Mistakes + Tips,2811965,131343,2605,PT8M12S
2019-02-26T11:10:48Z,10 Min Plank Workout | 28 DAYS Plank Challenge,18868589,540749,9087,PT12M2S
2019-02-19T11:24:03Z,Flat Belly Abs Challenge Before/After Results + Tips | Did it Work for Others,2915989,77898,2589,PT12M17S
2019-02-14T11:20:34Z,What I Ate This Week To Reduce Bloating | Food That Bloats You,524954,12032,615,PT21M53S
2019-02-12T11:06:12Z,THANK YOU,150506,9553,1596,PT5M4S
2019-02-07T11:23:22Z,Tired of this | My Health Update Part 3,304109,7691,1654,PT22M43S
2019-02-05T11:34:08Z,100 Bridges everyday for 30 days | GAIN 2 INCHES IN 30 DAYS? SHARING YOUR RESULTS!,830796,17261,774,PT11M44S
2019-01-31T11:28:03Z,LOSE THIGH FAT Workout To Get Slimmer Inner Thighs | No Jumping 15 mins Thinner Thighs,6236010,176504,5534,PT16M9S
2019-01-22T11:09:08Z,What I Eat To Stay Lean | My Camera Gear + Filming BTS,78707,2781,324,PT12M47S
2019-01-17T11:45:04Z,45 Min Full Body FAT BURN Workout | Get Flat Abs| Lean Legs & Arms | No Jumping Ver Included,6596949,137337,3744,PT46M53S
2019-01-15T11:23:45Z,Watch this if you bloat or can't lose weight | My Health Update Part 1,594655,14600,909,PT12M34S
2019-01-09T11:28:32Z,10 Min Lower Abs Workout | BURN Lower Belly Fat | Free Flat Belly Program,18115537,421529,6267,PT10M45S
2019-01-07T11:43:53Z,Belly Fat Burner Workout | 20 MIN ABS & HIIT CARDIO Workout At Home | No Jumping alt,9697225,213374,4488,PT21M50S
2019-01-06T11:19:17Z,Weight Loss Meal Prep | Healthy Recipes To Lose Belly Fat,1571524,45298,1216,PT11M44S
2019-01-03T11:48:26Z,10 Mins ABS Workout To Get FLAT BELLY IN 30 DAYS | FREE WORKOUT PROGRAM,53736213,1575520,30688,PT11M3S
2019-01-02T11:29:45Z,30 Min Full Body Workout to BURN FAT & GET ABS + Toned Legs | FREE WORKOUT PROGRAM,15028302,310995,10005,PT31M20S
2018-12-23T12:17:45Z,Eating WHATEVER I Want For 1 DAY | EPIC CHEAT DAY | GIRL VS FOOD,1018507,27017,947,PT13M21S
2018-12-18T11:57:01Z,I Did 100 Bridges Everyday For 30 days | WORTH IT? BEFORE/AFTER RESULTS,6825710,252196,5461,PT5M3S
2018-12-11T11:20:51Z,BITCH LASAGNA Parody | Pewdiepie vs T-series,164539,4041,700,PT2M37S
2018-12-09T12:35:25Z,What I Eat After A CHEAT MEAL | Healthy Recipes | Plant Based,97628,2853,465,PT13M57S
2018-12-04T11:53:46Z,NO JUMPING HIIT WORKOUT | FULL BODY WORKOUT TO BURN FAT | APARTMENT FRIENDLY,1475694,34316,1436,PT15M49S
2018-11-21T11:39:58Z,INTENSE HIIT WORKOUT | BURN 200 CALORIES IN 10 MINS,6875130,128493,4249,PT11M14S
2018-11-13T11:15:00Z,10 Mins INTENSE Chest Workout | BEGINNERS TO ADVANCED,3693822,79546,2853,PT10M25S
2018-11-06T11:19:46Z,GROW YOUR GLUTES & HIPS At Home | BOOTY Workout with or without Dumbbells üçë,957209,23683,483,PT21M57S
2018-10-23T11:28:31Z,Best ABS Exercises Workout üí™| Intense Lower Abs Routine,3156560,72636,1213,PT12M12S
2018-10-16T11:43:19Z,Full Body Workout TO GET LEAN | BLAST BELLY FAT AT HOME | 20 Min No Equipment,1052493,26228,765,PT20M26S
2018-10-09T11:50:59Z,I TRIED A KPOP DIET | BEFORE/AFTER RESULTS | WORTH IT? LOST 1 KG A DAY?,3568098,116409,3880,PT12M48S
2018-10-02T11:46:47Z,BURN THIGH FAT Workout | Slim & Lean Inner Thighs & Legs„ÄêBTS| GOT7 Lullaby| Oh!GG KPOP Music„Äë,883018,31206,1355,PT17M13S
2018-09-25T12:06:40Z,FULL BODY HOME WORKOUT | 20 Min Fat Blasting Routine | No Equipment,521193,14857,435,PT20M45S
2018-09-18T11:59:26Z,Small Waist & Round Butt Workout | Hourglass Workout | At Home Workout,2838085,70496,1979,PT19M13S
2018-08-21T13:10:00Z,Get Lean and Toned ARMS | 10 Mins Arms & Core Workout,417761,10523,245,PT11M3S
2018-08-13T11:45:00Z,10 Min Thigh Slimming Workout | Toned Butt | Burn Inner & Outer Thighs Fat | NO SQUAT,464266,13536,351,PT11M24S
2018-07-26T12:10:35Z,Complete Fat Blasting Full Body Workout | Burn 500 Calories | Warm Up & Cool Down,6699941,130007,4939,PT34M57S
2018-07-17T12:55:46Z,10 Min FLAT ABS WORKOUT | INTENSE RIPPED 6 PACK AB Workout,2113720,41004,887,PT11M12S
2018-06-25T13:00:02Z,How To Grow A Bigger BUTT WITHOUT Growing Your Thighs | Rounder Booty,488817,15807,332,PT10M46S
2018-05-28T12:30:01Z,BLAST FAT IN 10 MINS | Full Body BURN-OUT | Summer Shredding EP#5,628812,14313,467,PT11M33S
2018-05-10T12:40:14Z,What I Eat To Lose Weight | Healthy Recipes | What I Ate In A Week,136635,3634,182,PT20M29S
2018-04-26T12:55:30Z,TONED LEG & BUTT WORKOUT - Summer Shredding EP#4 - 8 WEEKS FREE WORKOUT PROGRAM,1168964,23371,674,PT23M4S
2018-04-19T13:00:09Z,ARMS & UPPER BODY WORKOUT - Summer Shredding EP#2 - 8 WEEKS FREE WORKOUT PROGRAM,1393832,23141,834,PT11M5S
2018-04-16T13:20:13Z,FULL BODY WORKOUT - Summer Shredding EP#1 - 8 WEEKS FREE WORKOUT PROGRAM,2592589,52636,2762,PT32M27S
2018-04-10T13:25:05Z,Meal Prep to LOSE WEIGHT | 8 INGREDIENTS 10 MEALS | Easy Healthy Flexible Recipes,145117,5897,170,PT10M2S
2018-04-05T13:07:37Z,HOW TO GET STARTED AT THE GYM | 2 ROUTINES + 10 TIPS | Beginner‚Äôs Guide to the Gym |,458283,16003,293,PT17M31S
2018-03-27T13:00:03Z,BUILD A BOOTY and HIPS WORKOUT! Get Curvy Hips & Big Booty Workout,249434,5726,241,PT7M22S
2018-02-27T13:00:09Z,BACK FAT WORKOUT | 10 MINS HOME ROUTINE | Lose Back Fat & Under Arms Fat,496407,13491,233,PT11M2S
2018-02-21T13:00:01Z,Meal Prep Quick & Easy | Healthy Recipes for Intermittent Fasting | Keto Cookies,112203,2790,159,PT9M25S
2018-02-13T13:00:07Z,Abs and Butt Workout | No Equipment | At Home Booty Workout,654968,17674,317,PT20M4S
2018-02-06T13:00:01Z,SEXY BACK Workout | My Favourite Back Workout,100361,2730,111,PT5M54S
2018-01-30T13:18:23Z,Grow Your Hips & Butt | Home Booty Workout | Side Butt | Hip Dips,3023033,83317,1334,PT25M1S
2018-01-22T13:16:47Z,EPIC FOOD & SKIING in NISEKO HOKKAIDO | BEST PLACES TO EAT,64435,1797,195,PT19M20S
2018-01-16T13:00:00Z,Ab Workout At Home | 15 MINS | Get Flat Belly Fast,1788585,39971,878,PT16M20S
2018-01-13T12:43:42Z,Winter Lookbook 2018 | Winter Outfits in Japan,149724,3853,210,PT3M24S
2018-01-03T14:00:08Z,Intense Full Body Workout | Burn 400 Calories in 30 Min At Home,3850440,90756,2504,PT33M53S
2017-12-12T13:30:01Z,2 months of Intermittent Fasting Weigh In | Body Fat | Keto? + What I Ate,736298,16461,910,PT14M9S
2017-12-02T13:30:01Z,Massive Winter Try On Haul | ASOS| Winter Jackets| Revolve| Winter Fashion,33439,1142,151,PT18M28S
2017-11-21T13:30:01Z,Burn 250-360 Calories & LOSE Love Handles! | Full Body Workout Routine,1161502,27310,697,PT26M
2017-11-07T13:30:01Z,High Intensity AB Workout | 10 Min Standing Abs Workout to BURN FAT & Get ABS,3346360,63688,1465,PT11M4S
2017-10-31T13:30:00Z,Inner Thigh Burn Workout | 15 Min Lean Thighs Workout | Inner & Outer Thighs,987290,23080,596,PT16M12S
2017-10-28T14:00:05Z,WHAT I EAT IN A WEEK + BOOTY Workout | Intermittent Fasting | BCAA,81545,2994,216,PT16M2S
2017-10-24T13:50:57Z,1 WEEK of Intermittent Fasting | My Thoughts| Tips + Before After Results,5524035,114292,4724,PT11M54S
2017-10-17T13:30:01Z,BURN THOSE CALORIES! | At Home Cardio Workout | No Jumping,759977,18816,894,PT19M26S
2017-10-14T14:00:01Z,NEW WEIGHT! | Intermittent Fasting | WHAT I EAT IN A WEEK,620338,13326,478,PT18M15S
2017-10-11T13:36:12Z,Get WIDER HIPS | 9 Exercises for Wider Hips | HIP DIPS FIX!,1451515,60532,731,PT11M56S
2017-10-07T14:19:06Z,WHAT I EAT IN A WEEK | CURRENT PHYSIQUE| wardrobe,146020,3987,353,PT20M35S
2017-10-03T13:30:01Z,10 Min Toned Arms Workout | NO PUSHUPS NO EQUIPMENT,938389,21686,544,PT11M24S
2017-09-26T14:00:03Z,BUDGET Meal Prep | HEALTHY AND CHEAP | Meal Prep On a College Budget,1900788,51813,706,PT8M6S
2017-09-19T14:00:02Z,NO JUMPING Workout | 10 Mins Full Body Workout | Quiet Apartment Workout,632485,15531,441,PT11M13S
2017-09-06T15:02:24Z,Full Body Workout | 15 mins Fat Burning At Home Workout | Cappadocia,147548,4691,278,PT16M47S
2017-08-22T14:00:02Z,How to Reduce BLOATING | Part 2 - Foods | Get Flat Tummy!,191848,4379,211,PT7M42S
2017-08-16T14:00:07Z,5 MINS HIIT Workout | GET MOTIVATED | Workout With Me,95140,3163,229,PT5M33S
2017-08-01T14:00:08Z,How to GET RID of ACNE | 20 TIPS to Get CLEAR SKIN,95578,2684,121,PT16M37S
2017-07-25T14:00:11Z,FAT BLASTING HIIT Workout | Do It Anywhere!,330349,7822,312,PT18M17S
2017-07-18T14:00:01Z,Favourite Booty Exercises | Top 10 Glute & Leg Exercises,132622,3022,138,PT10M4S
2017-07-04T14:00:05Z,10 Min Lower Ab Workout | LOSE Lower Belly FAT,13276948,303886,5113,PT11M12S
2017-06-27T14:00:00Z,Booty Workout | Booty Building | Leg Workout,122093,2557,158,PT7M29S
2017-06-20T14:30:01Z,How to Lose Weight | 10 Tips To Lose Weight | Lifestyle| Diet and Workouts,591310,23191,646,PT12M33S
2017-06-13T14:00:05Z,Burn ARM FAT Fast! Toned Arms Workout,333480,8556,257,PT19M24S
2017-06-06T14:00:01Z,10 Exercises To Get WIDER HIPS | Tips To Reduce HIP DIPS | Scientific Approach,6697877,178806,2424,PT12M22S
2017-05-27T14:02:40Z,How I Meal Prep | Quick & Easy | Healthy Recipes To Lose Weight,2219960,62462,696,PT7M30S
2017-05-23T14:05:22Z,How To Reduce Bloating | Get Flat Stomach | 10 Reasons Why You're Bloated,2835425,77273,1531,PT10M45S
2017-05-16T14:00:02Z,Intense Leg Workout | Fat Burning + Cellulite Reducing Routine,1009448,22980,640,PT11M20S
2017-05-13T14:00:03Z,What I Eat In A Day To LOSE WEIGHT | Low Carb Protein Bread,69785,1901,118,PT12M15S
2017-05-09T14:05:59Z,10 Min Intense Ab Workout | Flat Tummy Exercises Routine,3353431,65113,1397,PT11M11S
2017-05-06T14:00:01Z,My Workout Routine & Schedule To Get Lean | Your Workout Plan?,204428,4736,462,PT6M52S
2017-05-02T14:15:35Z,Booty Workout | Build a Rounder Butt | Side Booty,193868,3354,164,PT7M2S
2017-04-25T13:50:10Z,Chest & Triceps Workout,278603,5018,153,PT6M11S
2017-04-11T14:00:07Z,Lean Arms Workout | Toned Arms and Abs Exercises | At Home Workout,354077,8039,219,PT14M3S
2017-04-01T13:00:02Z,Quick & Easy Healthy Snacks | 3 Pre Workout Snack Ideas,68147,2285,71,PT4M21S
2017-03-28T13:02:01Z,Inner Thigh Workout | 10 Mins Toned Thighs Workout | At Home Leg Routine,609351,13024,338,PT12M7S
2017-03-09T14:39:54Z,Most Beautiful Places In Hokkaido Japan | Travel Vlog,158832,2226,131,PT6M48S
2017-02-28T13:43:56Z,What I Eat In A Day | Grocery Haul | Work The Abs!,68612,1621,144,PT12M48S
2017-02-21T14:29:36Z,Grow Your BOOTY Without Growing Your Legs Workout | Glute Workout,334131,5302,183,PT9M3S
2017-02-09T14:00:04Z,Grow Your Butt At Home | Lean Muscle | Booty Workout,2070809,41473,929,PT32M21S
2017-01-31T14:04:28Z,10 Mins Abs Workout - Best Abs Exercises for Ripped Obliques,1883898,37506,605,PT11M33S
2017-01-24T13:39:49Z,How To Get Fit | Tips and Guide to Getting Fit!,89769,2873,168,PT5M51S
2017-01-18T13:00:03Z,Toned Legs Workout | Perky Butt and Toned Thighs Workout At Home,1159255,22919,593,PT28M4S
2017-01-03T14:39:36Z,Full Body Workout Routine | Fat Burning Workout At Home,3002819,61770,1398,PT21M4S
2016-12-15T13:46:18Z,Winter Lookbook 2016 - 2017,117881,2303,123,PT2M26S
2016-12-08T14:19:08Z,BOOTY Workout | Build A Bigger Butt Fitness Routine,190593,2927,128,PT7M25S
2016-11-24T13:19:55Z,Italy Travel Diary: Cinque Terre| Capri| Amalfi| Sardinia| Rome| Positano| Cliff Jumping,267257,5987,417,PT3M28S
2016-11-03T14:08:14Z,How To Get Abs | Tips and Workout | Full Day of Eating,449741,9344,471,PT11M3S
2016-10-27T13:08:48Z,Intense Abs Workout | Lose Belly Fat Fast | Cardio Abs Workout Routine,2650186,58812,2007,PT17M14S
2016-10-05T12:30:02Z,Fall Lookbook 2016 | Autumn Outfits | Fall Outfit Ideas,98705,2442,168,PT3M34S
2016-09-22T12:30:01Z,Summer Lookbook - Greece Santorini and Mykonos Outfits | Vacation Lookbook,171946,4087,264,PT4M51S
2016-09-15T13:00:02Z,What I Eat In A day - Pre and Post Workout Meals - Healthy Fitness Meals - Build Lean Muscle,194348,3994,138,PT7M3S
2016-08-25T14:27:54Z,Healthy Breakfast Ideas | Fitness Food | On The Go Breakfast For School| Work,286791,7928,246,PT7M33S
2016-08-23T13:15:43Z,Bintan Island| Indonesia - Travel Diary,156061,2574,231,PT5M40S
2016-08-18T13:20:25Z,Back To School Lookbook 2016 | Back To School Outfits | College,101263,2908,245,PT2M33S
2016-08-10T13:12:33Z,HIIT Cardio Workout | Fat Burning Workout | Flat Belly Tips,1892632,35623,1319,PT23M31S
2016-07-21T12:30:02Z,Intense Abs Workout Routine - 10 Mins Flat Stomach Exercise,28969234,457653,13069,PT10M41S
2016-06-16T13:14:23Z,Summer Lookbook 2016 | Summer Outfits,539401,7698,373,PT4M8S
2016-06-09T12:51:43Z,Butt Workout | Glute Exercises - At Home Booty Fitness Routine,1334552,31212,504,PT7M16S
2016-04-21T13:20:46Z,Festival Lookbook | Festival Outfits,83658,2777,210,PT3M33S
2016-03-25T13:00:05Z,Healthy Sweet Snacks | 9 Healthy Snack Ideas,253049,8133,245,PT8M
